{
  "params": {
    "out_dir": "result",
    "n": 6000,
    "max_lag": 320,
    "inject_echo": true,
    "echo_every": 240,
    "seed": 1
  },
  "result": {
    "stat": -0.0014849732691415672,
    "p_value": 0.905,
    "tail_mean_acf": -0.0007993967774427138
  }
}