{
  "params": {
    "out_dir": "result",
    "n": 6000,
    "max_lag": 320,
    "inject_echo": true,
    "echo_every": 240,
    "seed": 0
  },
  "result": {
    "stat": 0.00059838104471841,
    "p_value": 0.295,
    "tail_mean_acf": 0.0007217801506933565
  }
}