{
  "params": {
    "out_dir": "result",
    "n": 8000,
    "max_lag": 400,
    "inject_echo": false,
    "echo_every": 250,
    "seed": 7
  },
  "result": {
    "stat": 0.0009240629207643486,
    "p_value": 0.045,
    "tail_mean_acf": 0.00015652347585622453
  }
}