{
  "params": {
    "out_dir": "result",
    "n": 8000,
    "max_lag": 400,
    "inject_echo": true,
    "echo_every": 240,
    "seed": 0
  },
  "result": {
    "stat": 0.00029037765968743925,
    "p_value": 0.36,
    "tail_mean_acf": 0.0005278615171602105
  }
}