{
  "params": {
    "out_dir": "result",
    "n": 8000,
    "max_lag": 400,
    "inject_echo": false,
    "echo_every": 250,
    "seed": 9
  },
  "result": {
    "stat": -7.555332889503302e-05,
    "p_value": 0.46,
    "tail_mean_acf": -0.0005293250480287284
  }
}