{
  "params": {
    "out_dir": "result",
    "n": 8000,
    "max_lag": 400,
    "inject_echo": false,
    "echo_every": 250,
    "seed": 3
  },
  "result": {
    "stat": 0.00021080545805921038,
    "p_value": 0.265,
    "tail_mean_acf": -0.00019561058738946428
  }
}