{
  "params": {
    "out_dir": "result",
    "n": 6000,
    "max_lag": 240,
    "inject_echo": true,
    "echo_every": 180,
    "seed": 0
  },
  "result": {
    "stat": -0.0004594252751370622,
    "p_value": 0.565,
    "tail_mean_acf": 0.0005186799871955045
  }
}