{
  "params": {
    "out_dir": "result",
    "n": 32768,
    "n_null": 8000,
    "seed": 0,
    "null_mode": "both",
    "fs_ds": 19.85939393939394,
    "nperseg": 128,
    "band": [
      0.7,
      0.9
    ]
  },
  "result": {
    "stat": 0.9999329262099146,
    "band_fraction": 0.015384615384615385,
    "mode": "mean",
    "null_mode": "both",
    "p_value_flip": 0.124625,
    "p_value_phase": 0.001875,
    "p_value_final": 0.124625,
    "decision_alpha_0.05": false
  }
}