{
  "params": {
    "n": 8192,
    "n_null": 2000,
    "seed": 0,
    "fs_ds": 19.504761904761903,
    "nperseg": 128,
    "band": [
      0.7,
      0.9
    ]
  },
  "result": {
    "stat": 0.9995066594221049,
    "band_fraction": 0.015384615384615385,
    "p_value": 0.132,
    "mode": "mean",
    "null_mode": "flip"
  }
}