{
  "params": {
    "out_dir": "result",
    "n": 16384,
    "n_null": 5000,
    "seed": 3,
    "null_mode": "both",
    "fs_ds": 20.22716049382716,
    "nperseg": 128,
    "band": [
      0.7,
      0.9
    ]
  },
  "result": {
    "stat": 0.9998980746539956,
    "band_fraction": 0.015384615384615385,
    "mode": "mean",
    "null_mode": "both",
    "p_value_flip": 0.1824,
    "p_value_phase": 0.0062,
    "p_value_final": 0.1824,
    "decision_alpha_0.05": false
  }
}